HITId,HITTypeId,Title,Description,Keywords,Reward,CreationTime,MaxAssignments,RequesterAnnotation,AssignmentDurationInSeconds,AutoApprovalDelayInSeconds,Expiration,NumberOfSimilarHITs,LifetimeInSeconds,AssignmentId,WorkerId,AssignmentStatus,AcceptTime,SubmitTime,AutoApprovalTime,ApprovalTime,RejectionTime,RequesterFeedback,WorkTimeInSeconds,LifetimeApprovalRate,Last30DaysApprovalRate,Last7DaysApprovalRate,Input.audio_link,Answer.Acc,Answer.Nat,Answer.surveycode,Approve,Reject
3PZDSVZ3J5L1VX59J6K0M4IW8VHN4U,370Y8Q6HBAC1FI9KLT8GBERI86J11E,Listen to Japanese audio and rate quality,"Listen to computer-generated, Japanese speech and rate the quality. You MUST know Japanese to participate.","audio, listen, speech, computer, Japanese",$0.10,Sat Mar 17 23:43:30 PDT 2018,40,BatchId:3157888;OriginalHitTemplateId:920937332;,600,86400,Sat Mar 24 23:43:30 PDT 2018,,,3PZDLQMM0UPBNZRPG4XZ1YM7QQS2CH,A2Y3QNLB6ZRAMJ,Approved,Sun Mar 18 15:57:27 PDT 2018,Sun Mar 18 15:58:04 PDT 2018,Mon Mar 19 15:58:04 PDT 2018,Sun Mar 18 23:36:33 PDT 2018,,,37,100% (39/39),100% (39/39),100% (39/39),https://clyp.it/x2g5lvjs,4,4,単に与えられた、新しい知識の断片として聞き流すわけにいかなかった。,x,
3PZDSVZ3J5L1VX59J6K0M4IW8VHN4U,370Y8Q6HBAC1FI9KLT8GBERI86J11E,Listen to Japanese audio and rate quality,"Listen to computer-generated, Japanese speech and rate the quality. You MUST know Japanese to participate.","audio, listen, speech, computer, Japanese",$0.10,Sat Mar 17 23:43:30 PDT 2018,40,BatchId:3157888;OriginalHitTemplateId:920937332;,600,86400,Sat Mar 24 23:43:30 PDT 2018,,,3SKEMFQBZ494SC52OYNYZ8CIHZV8K5,A2VNK2H6USLQTK,Approved,Sun Mar 18 17:53:45 PDT 2018,Sun Mar 18 17:54:03 PDT 2018,Mon Mar 19 17:54:03 PDT 2018,Sun Mar 18 23:36:30 PDT 2018,,,18,100% (28/28),100% (28/28),100% (28/28),https://clyp.it/x2g5lvjs,4,4,単に与えられた新しい知識の断片として聞き流すわけにはいかなかった,x,
3PZDSVZ3J5L1VX59J6K0M4IW8VHN4U,370Y8Q6HBAC1FI9KLT8GBERI86J11E,Listen to Japanese audio and rate quality,"Listen to computer-generated, Japanese speech and rate the quality. You MUST know Japanese to participate.","audio, listen, speech, computer, Japanese",$0.10,Sat Mar 17 23:43:30 PDT 2018,40,BatchId:3157888;OriginalHitTemplateId:920937332;,600,86400,Sat Mar 24 23:43:30 PDT 2018,,,3WYP994K18VC83BVZYRRO2V29JL6YJ,AP5ICU25HJDTL,Approved,Sun Mar 18 21:47:30 PDT 2018,Sun Mar 18 21:47:56 PDT 2018,Mon Mar 19 21:47:56 PDT 2018,Sun Mar 18 23:36:37 PDT 2018,,,26,100% (9/9),100% (9/9),100% (9/9),https://clyp.it/x2g5lvjs,1,1,単に与えられた新しい知識の断片として聞き流すわけにはいかなかった。,x,
391JB9X4ZYCGRH9CSXSGG6IS0RXKMH,370Y8Q6HBAC1FI9KLT8GBERI86J11E,Listen to Japanese audio and rate quality,"Listen to computer-generated, Japanese speech and rate the quality. You MUST know Japanese to participate.","audio, listen, speech, computer, Japanese",$0.10,Sat Mar 17 23:43:30 PDT 2018,40,BatchId:3157888;OriginalHitTemplateId:920937332;,600,86400,Sat Mar 24 23:43:30 PDT 2018,,,3AAPLD8UCDLWO6WILBVWDCSD3VBTHA,A2VNK2H6USLQTK,Approved,Sun Mar 18 17:52:07 PDT 2018,Sun Mar 18 17:52:34 PDT 2018,Mon Mar 19 17:52:34 PDT 2018,Sun Mar 18 23:36:30 PDT 2018,,,27,100% (28/28),100% (28/28),100% (28/28),https://clyp.it/2fe1maqt,3,2,単に与えられた新しい知識の断片として聞き流すわけにはいかなかった,x,
391JB9X4ZYCGRH9CSXSGG6IS0RXKMH,370Y8Q6HBAC1FI9KLT8GBERI86J11E,Listen to Japanese audio and rate quality,"Listen to computer-generated, Japanese speech and rate the quality. You MUST know Japanese to participate.","audio, listen, speech, computer, Japanese",$0.10,Sat Mar 17 23:43:30 PDT 2018,40,BatchId:3157888;OriginalHitTemplateId:920937332;,600,86400,Sat Mar 24 23:43:30 PDT 2018,,,3CFVK00FWMPS844WGJ21UUT604C6LM,A29N79UDI6W2US,Approved,Sun Mar 18 19:22:24 PDT 2018,Sun Mar 18 19:23:52 PDT 2018,Mon Mar 19 19:23:52 PDT 2018,Sun Mar 18 23:36:29 PDT 2018,,,88,100% (8/8),100% (8/8),100% (8/8),https://clyp.it/2fe1maqt,4,4,単に与えられた新しい知識の断片として、聞き流すわけにいかなかった。,x,
391JB9X4ZYCGRH9CSXSGG6IS0RXKMH,370Y8Q6HBAC1FI9KLT8GBERI86J11E,Listen to Japanese audio and rate quality,"Listen to computer-generated, Japanese speech and rate the quality. You MUST know Japanese to participate.","audio, listen, speech, computer, Japanese",$0.10,Sat Mar 17 23:43:30 PDT 2018,40,BatchId:3157888;OriginalHitTemplateId:920937332;,600,86400,Sat Mar 24 23:43:30 PDT 2018,,,3FE7TXL1LJRFH018LMYUL3BOU5T2QM,A2Y3QNLB6ZRAMJ,Approved,Sun Mar 18 16:03:10 PDT 2018,Sun Mar 18 16:03:38 PDT 2018,Mon Mar 19 16:03:38 PDT 2018,Sun Mar 18 23:36:33 PDT 2018,,,28,100% (39/39),100% (39/39),100% (39/39),https://clyp.it/2fe1maqt,2,3,単に与えられた、新しい知識の断片として聞き流すわけにいかなかった。,x,
391JB9X4ZYCGRH9CSXSGG6IS0RXKMH,370Y8Q6HBAC1FI9KLT8GBERI86J11E,Listen to Japanese audio and rate quality,"Listen to computer-generated, Japanese speech and rate the quality. You MUST know Japanese to participate.","audio, listen, speech, computer, Japanese",$0.10,Sat Mar 17 23:43:30 PDT 2018,40,BatchId:3157888;OriginalHitTemplateId:920937332;,600,86400,Sat Mar 24 23:43:30 PDT 2018,,,3PM8NZGV8ZKGIG459BJNBT5K7EXXQV,A3OON9KQ2OSNTD,Approved,Sun Mar 18 19:01:53 PDT 2018,Sun Mar 18 19:02:53 PDT 2018,Mon Mar 19 19:02:53 PDT 2018,Sun Mar 18 23:37:25 PDT 2018,,,60,100% (7/7),100% (7/7),100% (7/7),https://clyp.it/2fe1maqt,5,5,Jiko ga chōdo ima okotta tokoroda,,The test audio was transcribed instead of the reference audio.  The distinction between the two was made clearly in the directions.  I'm sorry for having to reject this work.  Feel free to try again.
36FFXPMST9SDPUTGZS4WVIR53A8HOP,370Y8Q6HBAC1FI9KLT8GBERI86J11E,Listen to Japanese audio and rate quality,"Listen to computer-generated, Japanese speech and rate the quality. You MUST know Japanese to participate.","audio, listen, speech, computer, Japanese",$0.10,Sat Mar 17 23:43:30 PDT 2018,40,BatchId:3157888;OriginalHitTemplateId:920937332;,600,86400,Sat Mar 24 23:43:30 PDT 2018,,,320DUZ38G8QOA752PBZAQ6T3QTAJGZ,A29N79UDI6W2US,Approved,Sun Mar 18 19:26:37 PDT 2018,Sun Mar 18 19:27:23 PDT 2018,Mon Mar 19 19:27:23 PDT 2018,Sun Mar 18 23:36:29 PDT 2018,,,46,100% (8/8),100% (8/8),100% (8/8),https://clyp.it/0hbw2son,5,4,単に与えられた新しい知識の断片として、聞き流すわけにいかなかった。,x,
36FFXPMST9SDPUTGZS4WVIR53A8HOP,370Y8Q6HBAC1FI9KLT8GBERI86J11E,Listen to Japanese audio and rate quality,"Listen to computer-generated, Japanese speech and rate the quality. You MUST know Japanese to participate.","audio, listen, speech, computer, Japanese",$0.10,Sat Mar 17 23:43:30 PDT 2018,40,BatchId:3157888;OriginalHitTemplateId:920937332;,600,86400,Sat Mar 24 23:43:30 PDT 2018,,,39N5ACM9HFR5H8LS6IYKVLTSVFIP9B,A2VNK2H6USLQTK,Approved,Sun Mar 18 17:28:50 PDT 2018,Sun Mar 18 17:31:09 PDT 2018,Mon Mar 19 17:31:09 PDT 2018,Sun Mar 18 23:36:30 PDT 2018,,,139,100% (28/28),100% (28/28),100% (28/28),https://clyp.it/0hbw2son,4,3,単に与えられた新しい知識の断片として聞き流すわけにはいかなかった,x,
36FFXPMST9SDPUTGZS4WVIR53A8HOP,370Y8Q6HBAC1FI9KLT8GBERI86J11E,Listen to Japanese audio and rate quality,"Listen to computer-generated, Japanese speech and rate the quality. You MUST know Japanese to participate.","audio, listen, speech, computer, Japanese",$0.10,Sat Mar 17 23:43:30 PDT 2018,40,BatchId:3157888;OriginalHitTemplateId:920937332;,600,86400,Sat Mar 24 23:43:30 PDT 2018,,,3EKVH9QMEZ8LSRX3G0SAL44PBQ42DH,A2Y3QNLB6ZRAMJ,Approved,Sun Mar 18 15:58:45 PDT 2018,Sun Mar 18 15:59:13 PDT 2018,Mon Mar 19 15:59:13 PDT 2018,Sun Mar 18 23:36:33 PDT 2018,,,28,100% (39/39),100% (39/39),100% (39/39),https://clyp.it/0hbw2son,4,5,単に与えられた、新しい知識の断片として聞き流すわけにいかなかった。,x,
36FFXPMST9SDPUTGZS4WVIR53A8HOP,370Y8Q6HBAC1FI9KLT8GBERI86J11E,Listen to Japanese audio and rate quality,"Listen to computer-generated, Japanese speech and rate the quality. You MUST know Japanese to participate.","audio, listen, speech, computer, Japanese",$0.10,Sat Mar 17 23:43:30 PDT 2018,40,BatchId:3157888;OriginalHitTemplateId:920937332;,600,86400,Sat Mar 24 23:43:30 PDT 2018,,,3LUY3GC630413PXZRL00HP2M0PWP71,A3OON9KQ2OSNTD,Approved,Sun Mar 18 18:53:48 PDT 2018,Sun Mar 18 18:57:37 PDT 2018,Mon Mar 19 18:57:37 PDT 2018,Sun Mar 18 23:37:25 PDT 2018,,,229,100% (7/7),100% (7/7),100% (7/7),https://clyp.it/0hbw2son,4,4,Kanojo wa hon o yomanakatta,,The test audio was transcribed instead of the reference audio.  The distinction between the two was made clearly in the directions.  I'm sorry for having to reject this work.  Feel free to try again.
3DQYSJDTYLFOZTG6AIJMTSLLNYLEXB,370Y8Q6HBAC1FI9KLT8GBERI86J11E,Listen to Japanese audio and rate quality,"Listen to computer-generated, Japanese speech and rate the quality. You MUST know Japanese to participate.","audio, listen, speech, computer, Japanese",$0.10,Sat Mar 17 23:43:30 PDT 2018,40,BatchId:3157888;OriginalHitTemplateId:920937332;,600,86400,Sat Mar 24 23:43:30 PDT 2018,,,3I2PTA7R3UYAYG5YAS4YLZXIB5GQKX,A2VNK2H6USLQTK,Approved,Sun Mar 18 17:44:43 PDT 2018,Sun Mar 18 17:45:24 PDT 2018,Mon Mar 19 17:45:24 PDT 2018,Sun Mar 18 23:36:30 PDT 2018,,,41,100% (28/28),100% (28/28),100% (28/28),https://clyp.it/k4hcnx0q,3,2,単に与えられた新しい知識の断片として聞き流すわけにはいかなかった,x,
31N9JPQXIPMV79T4YD4JGTR0D03HNA,370Y8Q6HBAC1FI9KLT8GBERI86J11E,Listen to Japanese audio and rate quality,"Listen to computer-generated, Japanese speech and rate the quality. You MUST know Japanese to participate.","audio, listen, speech, computer, Japanese",$0.10,Sat Mar 17 23:43:30 PDT 2018,40,BatchId:3157888;OriginalHitTemplateId:920937332;,600,86400,Sat Mar 24 23:43:30 PDT 2018,,,3IHR8NYAM854K2FGPN2TEDIC9NZ4PP,A2Y3QNLB6ZRAMJ,Approved,Sun Mar 18 14:00:25 PDT 2018,Sun Mar 18 14:01:23 PDT 2018,Mon Mar 19 14:01:23 PDT 2018,Sun Mar 18 23:36:33 PDT 2018,,,58,100% (39/39),100% (39/39),100% (39/39),https://clyp.it/fmjnk1oi,3,4,単に与えられた、新しい知識の断片として聞き流すわけにいかなかった。,x,
31N9JPQXIPMV79T4YD4JGTR0D03HNA,370Y8Q6HBAC1FI9KLT8GBERI86J11E,Listen to Japanese audio and rate quality,"Listen to computer-generated, Japanese speech and rate the quality. You MUST know Japanese to participate.","audio, listen, speech, computer, Japanese",$0.10,Sat Mar 17 23:43:30 PDT 2018,40,BatchId:3157888;OriginalHitTemplateId:920937332;,600,86400,Sat Mar 24 23:43:30 PDT 2018,,,3KWTYT08717WP04IB0SW2OF649Z5L3,A2VNK2H6USLQTK,Approved,Sun Mar 18 17:52:59 PDT 2018,Sun Mar 18 17:53:25 PDT 2018,Mon Mar 19 17:53:25 PDT 2018,Sun Mar 18 23:36:30 PDT 2018,,,26,100% (28/28),100% (28/28),100% (28/28),https://clyp.it/fmjnk1oi,5,3,単に与えられた新しい知識の断片として聞き流すわけにはいかなかった,x,
31N9JPQXIPMV79T4YD4JGTR0D03HNA,370Y8Q6HBAC1FI9KLT8GBERI86J11E,Listen to Japanese audio and rate quality,"Listen to computer-generated, Japanese speech and rate the quality. You MUST know Japanese to participate.","audio, listen, speech, computer, Japanese",$0.10,Sat Mar 17 23:43:30 PDT 2018,40,BatchId:3157888;OriginalHitTemplateId:920937332;,600,86400,Sat Mar 24 23:43:30 PDT 2018,,,3SUWZRL0MZHE2YU4ZXFXHZ3MR6EE68,A3T8PSSSNYKUI,Approved,Sat Mar 17 23:48:17 PDT 2018,Sat Mar 17 23:48:46 PDT 2018,Sun Mar 18 23:48:46 PDT 2018,Sun Mar 18 23:37:25 PDT 2018,,,29,100% (2/2),100% (2/2),100% (2/2),https://clyp.it/fmjnk1oi,5,4,Japanese,,The test audio was transcribed instead of the reference audio.  The distinction between the two was made clearly in the directions.  I'm sorry for having to reject this work.  Feel free to try again.
3V8JSVE8YYUDZY6GFE5OC6SUP4FEYH,370Y8Q6HBAC1FI9KLT8GBERI86J11E,Listen to Japanese audio and rate quality,"Listen to computer-generated, Japanese speech and rate the quality. You MUST know Japanese to participate.","audio, listen, speech, computer, Japanese",$0.10,Sat Mar 17 23:43:30 PDT 2018,40,BatchId:3157888;OriginalHitTemplateId:920937332;,600,86400,Sat Mar 24 23:43:30 PDT 2018,,,3U5NZHP4LS6YWE3B4UMC82RGESOPHZ,A2Y3QNLB6ZRAMJ,Approved,Sun Mar 18 15:56:55 PDT 2018,Sun Mar 18 15:57:26 PDT 2018,Mon Mar 19 15:57:26 PDT 2018,Sun Mar 18 23:36:33 PDT 2018,,,31,100% (39/39),100% (39/39),100% (39/39),https://clyp.it/a33gu5w2,2,4,単に与えられた、新しい知識の断片として聞き流すわけにいかなかった。,x,
3V8JSVE8YYUDZY6GFE5OC6SUP4FEYH,370Y8Q6HBAC1FI9KLT8GBERI86J11E,Listen to Japanese audio and rate quality,"Listen to computer-generated, Japanese speech and rate the quality. You MUST know Japanese to participate.","audio, listen, speech, computer, Japanese",$0.10,Sat Mar 17 23:43:30 PDT 2018,40,BatchId:3157888;OriginalHitTemplateId:920937332;,600,86400,Sat Mar 24 23:43:30 PDT 2018,,,3UNH76FOCT9EX6WNMEY8DYSOZJSYMD,A2VNK2H6USLQTK,Approved,Sun Mar 18 17:54:03 PDT 2018,Sun Mar 18 17:54:25 PDT 2018,Mon Mar 19 17:54:25 PDT 2018,Sun Mar 18 23:36:30 PDT 2018,,,22,100% (28/28),100% (28/28),100% (28/28),https://clyp.it/a33gu5w2,3,3,単に与えられた新しい知識の断片として聞き流すわけにはいかなかった,x,
3WUVMVA7OB7AEBZ9VV5LUUB5AJLZAY,370Y8Q6HBAC1FI9KLT8GBERI86J11E,Listen to Japanese audio and rate quality,"Listen to computer-generated, Japanese speech and rate the quality. You MUST know Japanese to participate.","audio, listen, speech, computer, Japanese",$0.10,Sat Mar 17 23:43:30 PDT 2018,40,BatchId:3157888;OriginalHitTemplateId:920937332;,600,86400,Sat Mar 24 23:43:30 PDT 2018,,,3LEP4MGT3H4FG4XZZTLLMX7T5WJBDU,A2VNK2H6USLQTK,Approved,Sun Mar 18 17:55:30 PDT 2018,Sun Mar 18 17:55:53 PDT 2018,Mon Mar 19 17:55:53 PDT 2018,Sun Mar 18 23:36:31 PDT 2018,,,23,100% (28/28),100% (28/28),100% (28/28),https://clyp.it/jgyizxnu,4,3,単に与えられた新しい知識の断片として聞き流すわけにはいかなかった,x,
3WUVMVA7OB7AEBZ9VV5LUUB5AJLZAY,370Y8Q6HBAC1FI9KLT8GBERI86J11E,Listen to Japanese audio and rate quality,"Listen to computer-generated, Japanese speech and rate the quality. You MUST know Japanese to participate.","audio, listen, speech, computer, Japanese",$0.10,Sat Mar 17 23:43:30 PDT 2018,40,BatchId:3157888;OriginalHitTemplateId:920937332;,600,86400,Sat Mar 24 23:43:30 PDT 2018,,,3ZAZR5XV02M1TAU15B6DO9WEBZQCZY,A2Y3QNLB6ZRAMJ,Approved,Sun Mar 18 15:52:36 PDT 2018,Sun Mar 18 15:53:13 PDT 2018,Mon Mar 19 15:53:13 PDT 2018,Sun Mar 18 23:36:33 PDT 2018,,,37,100% (39/39),100% (39/39),100% (39/39),https://clyp.it/jgyizxnu,5,4,単に与えられた、新しい知識の断片として聞き流すわけにいかなかった。,x,
3YLTXLH3DFAVAU5HESHBKIWVDF4HP6,370Y8Q6HBAC1FI9KLT8GBERI86J11E,Listen to Japanese audio and rate quality,"Listen to computer-generated, Japanese speech and rate the quality. You MUST know Japanese to participate.","audio, listen, speech, computer, Japanese",$0.10,Sat Mar 17 23:43:30 PDT 2018,40,BatchId:3157888;OriginalHitTemplateId:920937332;,600,86400,Sat Mar 24 23:43:30 PDT 2018,,,3EJPLAJKENKCDTL0VKTA2944FDP6ZA,AP5ICU25HJDTL,Approved,Sun Mar 18 21:48:12 PDT 2018,Sun Mar 18 21:48:39 PDT 2018,Mon Mar 19 21:48:39 PDT 2018,Sun Mar 18 23:36:37 PDT 2018,,,27,100% (9/9),100% (9/9),100% (9/9),https://clyp.it/aybxekkk,3,4,単に与えられた新しい知識の断片として聞き流すわけにはいかなかった。,x,
3YLTXLH3DFAVAU5HESHBKIWVDF4HP6,370Y8Q6HBAC1FI9KLT8GBERI86J11E,Listen to Japanese audio and rate quality,"Listen to computer-generated, Japanese speech and rate the quality. You MUST know Japanese to participate.","audio, listen, speech, computer, Japanese",$0.10,Sat Mar 17 23:43:30 PDT 2018,40,BatchId:3157888;OriginalHitTemplateId:920937332;,600,86400,Sat Mar 24 23:43:30 PDT 2018,,,3OF2M9AATHSJC86PXONBCS9MG8ZZKY,A2Y3QNLB6ZRAMJ,Approved,Sun Mar 18 15:58:04 PDT 2018,Sun Mar 18 15:58:45 PDT 2018,Mon Mar 19 15:58:45 PDT 2018,Sun Mar 18 23:36:34 PDT 2018,,,41,100% (39/39),100% (39/39),100% (39/39),https://clyp.it/aybxekkk,5,5,単に与えられた、新しい知識の断片として聞き流すわけにいかなかった。,x,
3HRWUH63QU6JRG99XB3ARWOA8RCN5Z,370Y8Q6HBAC1FI9KLT8GBERI86J11E,Listen to Japanese audio and rate quality,"Listen to computer-generated, Japanese speech and rate the quality. You MUST know Japanese to participate.","audio, listen, speech, computer, Japanese",$0.10,Sat Mar 17 23:43:30 PDT 2018,40,BatchId:3157888;OriginalHitTemplateId:920937332;,600,86400,Sat Mar 24 23:43:30 PDT 2018,,,31UV0MXWNRGUZZWCQXVJA8NEN52I5Z,A2Y3QNLB6ZRAMJ,Approved,Sun Mar 18 15:50:12 PDT 2018,Sun Mar 18 15:50:56 PDT 2018,Mon Mar 19 15:50:56 PDT 2018,Sun Mar 18 23:36:34 PDT 2018,,,44,100% (39/39),100% (39/39),100% (39/39),https://clyp.it/gl5bbgqx,4,3,単に与えられた、新しい知識の断片として聞き流すわけにいかなかった。,x,
3HRWUH63QU6JRG99XB3ARWOA8RCN5Z,370Y8Q6HBAC1FI9KLT8GBERI86J11E,Listen to Japanese audio and rate quality,"Listen to computer-generated, Japanese speech and rate the quality. You MUST know Japanese to participate.","audio, listen, speech, computer, Japanese",$0.10,Sat Mar 17 23:43:30 PDT 2018,40,BatchId:3157888;OriginalHitTemplateId:920937332;,600,86400,Sat Mar 24 23:43:30 PDT 2018,,,3MRNMEIQW6ARTDJBQ6AF003YHQZDLL,A29N79UDI6W2US,Approved,Sun Mar 18 19:15:10 PDT 2018,Sun Mar 18 19:18:11 PDT 2018,Mon Mar 19 19:18:11 PDT 2018,Sun Mar 18 23:36:29 PDT 2018,,,181,100% (8/8),100% (8/8),100% (8/8),https://clyp.it/gl5bbgqx,5,5,単に与えられた新しい知識の断片として、聞き流すわけにいかなかった。,x,
3DTJ4WT8BDJD4OGLB077QD1WVYJEZ8,370Y8Q6HBAC1FI9KLT8GBERI86J11E,Listen to Japanese audio and rate quality,"Listen to computer-generated, Japanese speech and rate the quality. You MUST know Japanese to participate.","audio, listen, speech, computer, Japanese",$0.10,Sat Mar 17 23:43:30 PDT 2018,40,BatchId:3157888;OriginalHitTemplateId:920937332;,600,86400,Sat Mar 24 23:43:30 PDT 2018,,,3RU7GD8VPPXNMNHRFOYBCGYIN35SPN,A2Y3QNLB6ZRAMJ,Approved,Sun Mar 18 15:59:13 PDT 2018,Sun Mar 18 15:59:38 PDT 2018,Mon Mar 19 15:59:38 PDT 2018,Sun Mar 18 23:36:34 PDT 2018,,,25,100% (39/39),100% (39/39),100% (39/39),https://clyp.it/3uvjepsj,4,4,単に与えられた、新しい知識の断片として聞き流すわけにいかなかった。,x,
3XQ4XW3OD9GO8WIRNOIYSJV4BGTS2F,370Y8Q6HBAC1FI9KLT8GBERI86J11E,Listen to Japanese audio and rate quality,"Listen to computer-generated, Japanese speech and rate the quality. You MUST know Japanese to participate.","audio, listen, speech, computer, Japanese",$0.10,Sat Mar 17 23:43:30 PDT 2018,40,BatchId:3157888;OriginalHitTemplateId:920937332;,600,86400,Sat Mar 24 23:43:30 PDT 2018,,,3IFS6Q0HJJNV51UN2T8R3JX61PASIB,A2Y3QNLB6ZRAMJ,Approved,Sun Mar 18 15:55:20 PDT 2018,Sun Mar 18 15:55:47 PDT 2018,Mon Mar 19 15:55:47 PDT 2018,Sun Mar 18 23:36:34 PDT 2018,,,27,100% (39/39),100% (39/39),100% (39/39),https://clyp.it/5ssxz1i3,1,2,単に与えられた、新しい知識の断片として聞き流すわけにいかなかった。,x,
3XQ4XW3OD9GO8WIRNOIYSJV4BGTS2F,370Y8Q6HBAC1FI9KLT8GBERI86J11E,Listen to Japanese audio and rate quality,"Listen to computer-generated, Japanese speech and rate the quality. You MUST know Japanese to participate.","audio, listen, speech, computer, Japanese",$0.10,Sat Mar 17 23:43:30 PDT 2018,40,BatchId:3157888;OriginalHitTemplateId:920937332;,600,86400,Sat Mar 24 23:43:30 PDT 2018,,,3LQ8PUHQFMW6FSG7RZWSZ5Q4SEYIHL,A159KNKNX9RYUL,Approved,Sun Mar 18 19:48:04 PDT 2018,Sun Mar 18 19:48:20 PDT 2018,Mon Mar 19 19:48:20 PDT 2018,Sun Mar 18 23:37:24 PDT 2018,,,16,38% (3/8),38% (3/8),38% (3/8),https://clyp.it/5ssxz1i3,4,4,この部へ屋やのどこかに隠かくれていることは分わかっているぞ。,,The test audio was transcribed instead of the reference audio.  The distinction between the two was made clearly in the directions.  I'm sorry for having to reject this work.  Feel free to try again.
3W1K7D6QSBLFXL41195HP5VBS16ZBT,370Y8Q6HBAC1FI9KLT8GBERI86J11E,Listen to Japanese audio and rate quality,"Listen to computer-generated, Japanese speech and rate the quality. You MUST know Japanese to participate.","audio, listen, speech, computer, Japanese",$0.10,Sat Mar 17 23:43:30 PDT 2018,40,BatchId:3157888;OriginalHitTemplateId:920937332;,600,86400,Sat Mar 24 23:43:30 PDT 2018,,,3G5W44VEU8MJLRBK7WZMRLTG5I5KGU,A2Y3QNLB6ZRAMJ,Approved,Sun Mar 18 15:56:14 PDT 2018,Sun Mar 18 15:56:54 PDT 2018,Mon Mar 19 15:56:54 PDT 2018,Sun Mar 18 23:36:34 PDT 2018,,,40,100% (39/39),100% (39/39),100% (39/39),https://clyp.it/0jwiqjqx,3,4,単に与えられた、新しい知識の断片として聞き流すわけにいかなかった。,x,
3W1K7D6QSBLFXL41195HP5VBS16ZBT,370Y8Q6HBAC1FI9KLT8GBERI86J11E,Listen to Japanese audio and rate quality,"Listen to computer-generated, Japanese speech and rate the quality. You MUST know Japanese to participate.","audio, listen, speech, computer, Japanese",$0.10,Sat Mar 17 23:43:30 PDT 2018,40,BatchId:3157888;OriginalHitTemplateId:920937332;,600,86400,Sat Mar 24 23:43:30 PDT 2018,,,3ZSY5X72NYFT085DLZLRX6OWRWSORG,A2VNK2H6USLQTK,Approved,Sun Mar 18 17:23:03 PDT 2018,Sun Mar 18 17:28:50 PDT 2018,Mon Mar 19 17:28:50 PDT 2018,Sun Mar 18 23:36:31 PDT 2018,,,347,100% (28/28),100% (28/28),100% (28/28),https://clyp.it/0jwiqjqx,4,2,単に与えられた新しい知識の断片として聞き流すわけにはいかなかった,x,
3VEI3XUCZR18ZOJKAXT5YMY10O2PRB,370Y8Q6HBAC1FI9KLT8GBERI86J11E,Listen to Japanese audio and rate quality,"Listen to computer-generated, Japanese speech and rate the quality. You MUST know Japanese to participate.","audio, listen, speech, computer, Japanese",$0.10,Sat Mar 17 23:43:30 PDT 2018,40,BatchId:3157888;OriginalHitTemplateId:920937332;,600,86400,Sat Mar 24 23:43:30 PDT 2018,,,3B837J3LDP08Y0X6SG20HBYXOLTSRF,A2Y3QNLB6ZRAMJ,Approved,Sun Mar 18 16:00:06 PDT 2018,Sun Mar 18 16:00:28 PDT 2018,Mon Mar 19 16:00:28 PDT 2018,Sun Mar 18 23:36:34 PDT 2018,,,22,100% (39/39),100% (39/39),100% (39/39),https://clyp.it/2jtmfcti,5,5,単に与えられた、新しい知識の断片として聞き流すわけにいかなかった。,x,
3VEI3XUCZR18ZOJKAXT5YMY10O2PRB,370Y8Q6HBAC1FI9KLT8GBERI86J11E,Listen to Japanese audio and rate quality,"Listen to computer-generated, Japanese speech and rate the quality. You MUST know Japanese to participate.","audio, listen, speech, computer, Japanese",$0.10,Sat Mar 17 23:43:30 PDT 2018,40,BatchId:3157888;OriginalHitTemplateId:920937332;,600,86400,Sat Mar 24 23:43:30 PDT 2018,,,3KAKFY4PGV6RLK98CE7QVBPU99FI3D,A3OON9KQ2OSNTD,Approved,Sun Mar 18 19:00:22 PDT 2018,Sun Mar 18 19:01:45 PDT 2018,Mon Mar 19 19:01:45 PDT 2018,Sun Mar 18 23:37:25 PDT 2018,,,83,100% (7/7),100% (7/7),100% (7/7),https://clyp.it/2jtmfcti,5,5,Shitsumon no subete ni kotaenakereba narimasen ka,,The test audio was transcribed instead of the reference audio.  The distinction between the two was made clearly in the directions.  I'm sorry for having to reject this work.  Feel free to try again.
3VEI3XUCZR18ZOJKAXT5YMY10O2PRB,370Y8Q6HBAC1FI9KLT8GBERI86J11E,Listen to Japanese audio and rate quality,"Listen to computer-generated, Japanese speech and rate the quality. You MUST know Japanese to participate.","audio, listen, speech, computer, Japanese",$0.10,Sat Mar 17 23:43:30 PDT 2018,40,BatchId:3157888;OriginalHitTemplateId:920937332;,600,86400,Sat Mar 24 23:43:30 PDT 2018,,,3Q5C1WP23N5JZT0EIQADI96S63Z512,AP5ICU25HJDTL,Approved,Sun Mar 18 21:00:47 PDT 2018,Sun Mar 18 21:01:07 PDT 2018,Mon Mar 19 21:01:07 PDT 2018,Sun Mar 18 23:36:37 PDT 2018,,,20,100% (9/9),100% (9/9),100% (9/9),https://clyp.it/2jtmfcti,4,4,単に与えられた新しい知識の断片として聞き流すわけにはいかなかった。,x,
3P458N04Q1LW4D4QHYOLRRCWQVVX2S,370Y8Q6HBAC1FI9KLT8GBERI86J11E,Listen to Japanese audio and rate quality,"Listen to computer-generated, Japanese speech and rate the quality. You MUST know Japanese to participate.","audio, listen, speech, computer, Japanese",$0.10,Sat Mar 17 23:43:30 PDT 2018,40,BatchId:3157888;OriginalHitTemplateId:920937332;,600,86400,Sat Mar 24 23:43:30 PDT 2018,,,3C8HJ7UOP8YE2W6SI00RR51Q5DYZM7,A29N79UDI6W2US,Approved,Sun Mar 18 19:21:05 PDT 2018,Sun Mar 18 19:22:18 PDT 2018,Mon Mar 19 19:22:18 PDT 2018,Sun Mar 18 23:36:29 PDT 2018,,,73,100% (8/8),100% (8/8),100% (8/8),https://clyp.it/oa45ig5h,5,5,単に与えられた新しい知識の断片として、聞き流すわけにいかなかった。,x,
3P458N04Q1LW4D4QHYOLRRCWQVVX2S,370Y8Q6HBAC1FI9KLT8GBERI86J11E,Listen to Japanese audio and rate quality,"Listen to computer-generated, Japanese speech and rate the quality. You MUST know Japanese to participate.","audio, listen, speech, computer, Japanese",$0.10,Sat Mar 17 23:43:30 PDT 2018,40,BatchId:3157888;OriginalHitTemplateId:920937332;,600,86400,Sat Mar 24 23:43:30 PDT 2018,,,3CCZ6YKWR8N1OY39M3P6XFOB4FG594,A2Y3QNLB6ZRAMJ,Approved,Sun Mar 18 16:00:59 PDT 2018,Sun Mar 18 16:01:26 PDT 2018,Mon Mar 19 16:01:26 PDT 2018,Sun Mar 18 23:36:34 PDT 2018,,,27,100% (39/39),100% (39/39),100% (39/39),https://clyp.it/oa45ig5h,2,4,単に与えられた、新しい知識の断片として聞き流すわけにいかなかった。,x,
3P458N04Q1LW4D4QHYOLRRCWQVVX2S,370Y8Q6HBAC1FI9KLT8GBERI86J11E,Listen to Japanese audio and rate quality,"Listen to computer-generated, Japanese speech and rate the quality. You MUST know Japanese to participate.","audio, listen, speech, computer, Japanese",$0.10,Sat Mar 17 23:43:30 PDT 2018,40,BatchId:3157888;OriginalHitTemplateId:920937332;,600,86400,Sat Mar 24 23:43:30 PDT 2018,,,3LRKMWOKB6LOVS2Z8IH7CWNSZ8G2ZI,A2VNK2H6USLQTK,Approved,Sun Mar 18 17:51:13 PDT 2018,Sun Mar 18 17:51:44 PDT 2018,Mon Mar 19 17:51:44 PDT 2018,Sun Mar 18 23:36:31 PDT 2018,,,31,100% (28/28),100% (28/28),100% (28/28),https://clyp.it/oa45ig5h,3,2,単に与えられた新しい知識の断片として聞き流すわけにはいかなかった,x,
33Q5P9PUSPQY7QW7F91C0P1TAM6ZC0,370Y8Q6HBAC1FI9KLT8GBERI86J11E,Listen to Japanese audio and rate quality,"Listen to computer-generated, Japanese speech and rate the quality. You MUST know Japanese to participate.","audio, listen, speech, computer, Japanese",$0.10,Sat Mar 17 23:43:30 PDT 2018,40,BatchId:3157888;OriginalHitTemplateId:920937332;,600,86400,Sat Mar 24 23:43:30 PDT 2018,,,3HFNH7HEMII5WU9FK1JJN75P4O5QG0,A3F4BE229KYG3S,Approved,Sun Mar 18 21:11:24 PDT 2018,Sun Mar 18 21:11:41 PDT 2018,Mon Mar 19 21:11:41 PDT 2018,Sun Mar 18 23:37:24 PDT 2018,,,17,100% (3/3),100% (3/3),100% (3/3),https://clyp.it/ezcypbxd,4,4,彼が話し終わるとみんな黙っていた.,,The test audio was transcribed instead of the reference audio.  The distinction between the two was made clearly in the directions.  I'm sorry for having to reject this work.  Feel free to try again.
33Q5P9PUSPQY7QW7F91C0P1TAM6ZC0,370Y8Q6HBAC1FI9KLT8GBERI86J11E,Listen to Japanese audio and rate quality,"Listen to computer-generated, Japanese speech and rate the quality. You MUST know Japanese to participate.","audio, listen, speech, computer, Japanese",$0.10,Sat Mar 17 23:43:30 PDT 2018,40,BatchId:3157888;OriginalHitTemplateId:920937332;,600,86400,Sat Mar 24 23:43:30 PDT 2018,,,3HYA4D452SNIQBBZ76N0947AN3M2FU,A2VNK2H6USLQTK,Approved,Sun Mar 18 17:45:24 PDT 2018,Sun Mar 18 17:46:07 PDT 2018,Mon Mar 19 17:46:07 PDT 2018,Sun Mar 18 23:36:31 PDT 2018,,,43,100% (28/28),100% (28/28),100% (28/28),https://clyp.it/ezcypbxd,4,3,単に与えられた新しい知識の断片として聞き流すわけにはいかなかった,x,
33Q5P9PUSPQY7QW7F91C0P1TAM6ZC0,370Y8Q6HBAC1FI9KLT8GBERI86J11E,Listen to Japanese audio and rate quality,"Listen to computer-generated, Japanese speech and rate the quality. You MUST know Japanese to participate.","audio, listen, speech, computer, Japanese",$0.10,Sat Mar 17 23:43:30 PDT 2018,40,BatchId:3157888;OriginalHitTemplateId:920937332;,600,86400,Sat Mar 24 23:43:30 PDT 2018,,,3NGMS9VZTMM2R5NBV127TN1ZW7OFFO,A2Y3QNLB6ZRAMJ,Approved,Sun Mar 18 15:50:59 PDT 2018,Sun Mar 18 15:51:21 PDT 2018,Mon Mar 19 15:51:21 PDT 2018,Sun Mar 18 23:36:34 PDT 2018,,,22,100% (39/39),100% (39/39),100% (39/39),https://clyp.it/ezcypbxd,5,5,単に与えられた、新しい知識の断片として聞き流すわけにいかなかった。,x,
39TX062QX1SLPV09LY2QA1HOW9VX33,370Y8Q6HBAC1FI9KLT8GBERI86J11E,Listen to Japanese audio and rate quality,"Listen to computer-generated, Japanese speech and rate the quality. You MUST know Japanese to participate.","audio, listen, speech, computer, Japanese",$0.10,Sat Mar 17 23:43:30 PDT 2018,40,BatchId:3157888;OriginalHitTemplateId:920937332;,600,86400,Sat Mar 24 23:43:30 PDT 2018,,,3UXUOQ9OKF1UGLRX22I3RUDR13SA72,A2Y3QNLB6ZRAMJ,Approved,Sun Mar 18 15:51:25 PDT 2018,Sun Mar 18 15:51:56 PDT 2018,Mon Mar 19 15:51:56 PDT 2018,Sun Mar 18 23:36:34 PDT 2018,,,31,100% (39/39),100% (39/39),100% (39/39),https://clyp.it/jnjkcn4l,5,3,単に与えられた、新しい知識の断片として聞き流すわけにいかなかった。,x,
3SU800BH86WLFSCGE43Z32BVCJSUQB,370Y8Q6HBAC1FI9KLT8GBERI86J11E,Listen to Japanese audio and rate quality,"Listen to computer-generated, Japanese speech and rate the quality. You MUST know Japanese to participate.","audio, listen, speech, computer, Japanese",$0.10,Sat Mar 17 23:43:30 PDT 2018,40,BatchId:3157888;OriginalHitTemplateId:920937332;,600,86400,Sat Mar 24 23:43:30 PDT 2018,,,3EQHHY4HQTWG38QH09VGPWAY8SDG58,A2VNK2H6USLQTK,Approved,Sun Mar 18 17:54:42 PDT 2018,Sun Mar 18 17:55:07 PDT 2018,Mon Mar 19 17:55:07 PDT 2018,Sun Mar 18 23:36:31 PDT 2018,,,25,100% (28/28),100% (28/28),100% (28/28),https://clyp.it/41o3nzbs,5,3,単に与えられた新しい知識の断片として聞き流すわけにはいかなかった,x,
3SU800BH86WLFSCGE43Z32BVCJSUQB,370Y8Q6HBAC1FI9KLT8GBERI86J11E,Listen to Japanese audio and rate quality,"Listen to computer-generated, Japanese speech and rate the quality. You MUST know Japanese to participate.","audio, listen, speech, computer, Japanese",$0.10,Sat Mar 17 23:43:30 PDT 2018,40,BatchId:3157888;OriginalHitTemplateId:920937332;,600,86400,Sat Mar 24 23:43:30 PDT 2018,,,3R6BYFZZP8GJRREWVV8TZU160CKXFX,A2Y3QNLB6ZRAMJ,Approved,Sun Mar 18 16:03:38 PDT 2018,Sun Mar 18 16:04:34 PDT 2018,Mon Mar 19 16:04:34 PDT 2018,Sun Mar 18 23:36:34 PDT 2018,,,56,100% (39/39),100% (39/39),100% (39/39),https://clyp.it/41o3nzbs,2,3,単に与えられた、新しい知識の断片として聞き流すわけにいかなかった。,x,
3J6BHNX0U9WM9ZUC4Y7GTL7S5H7KNH,370Y8Q6HBAC1FI9KLT8GBERI86J11E,Listen to Japanese audio and rate quality,"Listen to computer-generated, Japanese speech and rate the quality. You MUST know Japanese to participate.","audio, listen, speech, computer, Japanese",$0.10,Sat Mar 17 23:43:30 PDT 2018,40,BatchId:3157888;OriginalHitTemplateId:920937332;,600,86400,Sat Mar 24 23:43:30 PDT 2018,,,37ZHEEHM6XQUW0SCTN3T4MZLVT3372,A2VNK2H6USLQTK,Approved,Sun Mar 18 17:54:25 PDT 2018,Sun Mar 18 17:54:42 PDT 2018,Mon Mar 19 17:54:42 PDT 2018,Sun Mar 18 23:36:31 PDT 2018,,,17,100% (28/28),100% (28/28),100% (28/28),https://clyp.it/uqgaufb2,5,4,単に与えられた新しい知識の断片として聞き流すわけにはいかなかった,x,
3J6BHNX0U9WM9ZUC4Y7GTL7S5H7KNH,370Y8Q6HBAC1FI9KLT8GBERI86J11E,Listen to Japanese audio and rate quality,"Listen to computer-generated, Japanese speech and rate the quality. You MUST know Japanese to participate.","audio, listen, speech, computer, Japanese",$0.10,Sat Mar 17 23:43:30 PDT 2018,40,BatchId:3157888;OriginalHitTemplateId:920937332;,600,86400,Sat Mar 24 23:43:30 PDT 2018,,,3OLF68YTNA57VE63KLGFFMQ8ZRBFAB,A2Y3QNLB6ZRAMJ,Approved,Sun Mar 18 15:48:58 PDT 2018,Sun Mar 18 15:50:09 PDT 2018,Mon Mar 19 15:50:09 PDT 2018,Sun Mar 18 23:36:34 PDT 2018,,,71,100% (39/39),100% (39/39),100% (39/39),https://clyp.it/uqgaufb2,4,4,単に与えられた、新しい知識の断片として聞き流すわけにいかなかった。,x,
3J6BHNX0U9WM9ZUC4Y7GTL7S5H7KNH,370Y8Q6HBAC1FI9KLT8GBERI86J11E,Listen to Japanese audio and rate quality,"Listen to computer-generated, Japanese speech and rate the quality. You MUST know Japanese to participate.","audio, listen, speech, computer, Japanese",$0.10,Sat Mar 17 23:43:30 PDT 2018,40,BatchId:3157888;OriginalHitTemplateId:920937332;,600,86400,Sat Mar 24 23:43:30 PDT 2018,,,3TOK3KHVJUMJIPLYCLNLSPXWQK47O6,AP5ICU25HJDTL,Approved,Sun Mar 18 21:01:37 PDT 2018,Sun Mar 18 21:02:00 PDT 2018,Mon Mar 19 21:02:00 PDT 2018,Sun Mar 18 23:36:37 PDT 2018,,,23,100% (9/9),100% (9/9),100% (9/9),https://clyp.it/uqgaufb2,4,3,単に与えられた新しい知識の断片として聞き流すわけにはいかなかった。,x,
3HFWPF5AK9NDTEEAROW3BT0WHUTS3Q,370Y8Q6HBAC1FI9KLT8GBERI86J11E,Listen to Japanese audio and rate quality,"Listen to computer-generated, Japanese speech and rate the quality. You MUST know Japanese to participate.","audio, listen, speech, computer, Japanese",$0.10,Sat Mar 17 23:43:30 PDT 2018,40,BatchId:3157888;OriginalHitTemplateId:920937332;,600,86400,Sat Mar 24 23:43:30 PDT 2018,,,34PGFRQONPFK7TV24G3SC9FRKH4WJF,AP5ICU25HJDTL,Approved,Sun Mar 18 21:47:11 PDT 2018,Sun Mar 18 21:47:27 PDT 2018,Mon Mar 19 21:47:27 PDT 2018,Sun Mar 18 23:36:37 PDT 2018,,,16,100% (9/9),100% (9/9),100% (9/9),https://clyp.it/p0jela3q,3,2,単に与えられた新しい知識の断片として聞き流すわけにはいかなかった。,x,
3HFWPF5AK9NDTEEAROW3BT0WHUTS3Q,370Y8Q6HBAC1FI9KLT8GBERI86J11E,Listen to Japanese audio and rate quality,"Listen to computer-generated, Japanese speech and rate the quality. You MUST know Japanese to participate.","audio, listen, speech, computer, Japanese",$0.10,Sat Mar 17 23:43:30 PDT 2018,40,BatchId:3157888;OriginalHitTemplateId:920937332;,600,86400,Sat Mar 24 23:43:30 PDT 2018,,,3DQQ64TANHPGT4Y0ZT8C9513TGXWP2,A2Y3QNLB6ZRAMJ,Approved,Sun Mar 18 13:49:47 PDT 2018,Sun Mar 18 13:51:55 PDT 2018,Mon Mar 19 13:51:55 PDT 2018,Sun Mar 18 23:36:35 PDT 2018,,,128,100% (39/39),100% (39/39),100% (39/39),https://clyp.it/p0jela3q,5,5,単に与えられた、新しい知識の断片として聞き流すわけにはいかなかった。,x,
3SBNLSTU6U98CI2LF5WNKVJBVMIZD0,370Y8Q6HBAC1FI9KLT8GBERI86J11E,Listen to Japanese audio and rate quality,"Listen to computer-generated, Japanese speech and rate the quality. You MUST know Japanese to participate.","audio, listen, speech, computer, Japanese",$0.10,Sat Mar 17 23:43:30 PDT 2018,40,BatchId:3157888;OriginalHitTemplateId:920937332;,600,86400,Sat Mar 24 23:43:30 PDT 2018,,,30MVJZJNHNH9VXIUB5T0YP7GMGK9J3,AP5ICU25HJDTL,Approved,Sun Mar 18 21:47:57 PDT 2018,Sun Mar 18 21:48:12 PDT 2018,Mon Mar 19 21:48:12 PDT 2018,Sun Mar 18 23:36:37 PDT 2018,,,15,100% (9/9),100% (9/9),100% (9/9),https://clyp.it/t1ehs12j,2,2,単に与えられた新しい知識の断片として聞き流すわけにはいかなかった。,x,
3SBNLSTU6U98CI2LF5WNKVJBVMIZD0,370Y8Q6HBAC1FI9KLT8GBERI86J11E,Listen to Japanese audio and rate quality,"Listen to computer-generated, Japanese speech and rate the quality. You MUST know Japanese to participate.","audio, listen, speech, computer, Japanese",$0.10,Sat Mar 17 23:43:30 PDT 2018,40,BatchId:3157888;OriginalHitTemplateId:920937332;,600,86400,Sat Mar 24 23:43:30 PDT 2018,,,33JKGHPFYDYKL7S9FCPXWIUHVZINM6,A2Y3QNLB6ZRAMJ,Approved,Sun Mar 18 13:56:04 PDT 2018,Sun Mar 18 13:56:36 PDT 2018,Mon Mar 19 13:56:36 PDT 2018,Sun Mar 18 23:36:35 PDT 2018,,,32,100% (39/39),100% (39/39),100% (39/39),https://clyp.it/t1ehs12j,5,4,単に与えられた、新しい知識の断片として聞き流すわけにいかなかった。,x,
3SBNLSTU6U98CI2LF5WNKVJBVMIZD0,370Y8Q6HBAC1FI9KLT8GBERI86J11E,Listen to Japanese audio and rate quality,"Listen to computer-generated, Japanese speech and rate the quality. You MUST know Japanese to participate.","audio, listen, speech, computer, Japanese",$0.10,Sat Mar 17 23:43:30 PDT 2018,40,BatchId:3157888;OriginalHitTemplateId:920937332;,600,86400,Sat Mar 24 23:43:30 PDT 2018,,,3Q5ZZ9ZEVPJ1ATKZHBJSXJT0K9085K,A2VNK2H6USLQTK,Approved,Sun Mar 18 17:48:57 PDT 2018,Sun Mar 18 17:49:19 PDT 2018,Mon Mar 19 17:49:19 PDT 2018,Sun Mar 18 23:36:31 PDT 2018,,,22,100% (28/28),100% (28/28),100% (28/28),https://clyp.it/t1ehs12j,5,4,単に与えられた新しい知識の断片として聞き流すわけにはいかなかった,x,
3087LXLJ6MK88HAR2HEL2WJAPSFF0Z,370Y8Q6HBAC1FI9KLT8GBERI86J11E,Listen to Japanese audio and rate quality,"Listen to computer-generated, Japanese speech and rate the quality. You MUST know Japanese to participate.","audio, listen, speech, computer, Japanese",$0.10,Sat Mar 17 23:43:30 PDT 2018,40,BatchId:3157888;OriginalHitTemplateId:920937332;,600,86400,Sat Mar 24 23:43:30 PDT 2018,,,3BGYGHDBBYOYPHZNJB8TPLDLEZF228,A2Y3QNLB6ZRAMJ,Approved,Sun Mar 18 15:54:29 PDT 2018,Sun Mar 18 15:55:10 PDT 2018,Mon Mar 19 15:55:10 PDT 2018,Sun Mar 18 23:36:35 PDT 2018,,,41,100% (39/39),100% (39/39),100% (39/39),https://clyp.it/c2hgvrca,1,2,単に与えられた、新しい知識の断片として聞き流すわけにいかなかった。,x,
3087LXLJ6MK88HAR2HEL2WJAPSFF0Z,370Y8Q6HBAC1FI9KLT8GBERI86J11E,Listen to Japanese audio and rate quality,"Listen to computer-generated, Japanese speech and rate the quality. You MUST know Japanese to participate.","audio, listen, speech, computer, Japanese",$0.10,Sat Mar 17 23:43:30 PDT 2018,40,BatchId:3157888;OriginalHitTemplateId:920937332;,600,86400,Sat Mar 24 23:43:30 PDT 2018,,,3L6L49WXW110RSXX58TFG7DVIN954F,AP5ICU25HJDTL,Approved,Sun Mar 18 21:01:11 PDT 2018,Sun Mar 18 21:01:34 PDT 2018,Mon Mar 19 21:01:34 PDT 2018,Sun Mar 18 23:36:37 PDT 2018,,,23,100% (9/9),100% (9/9),100% (9/9),https://clyp.it/c2hgvrca,3,2,単に与えられた新しい知識の断片として聞き流すわけにはいかなかった。,x,
3087LXLJ6MK88HAR2HEL2WJAPSFF0Z,370Y8Q6HBAC1FI9KLT8GBERI86J11E,Listen to Japanese audio and rate quality,"Listen to computer-generated, Japanese speech and rate the quality. You MUST know Japanese to participate.","audio, listen, speech, computer, Japanese",$0.10,Sat Mar 17 23:43:30 PDT 2018,40,BatchId:3157888;OriginalHitTemplateId:920937332;,600,86400,Sat Mar 24 23:43:30 PDT 2018,,,3XC1O3LBOTQYA2F8CWAU54LKKCKTLH,A2VNK2H6USLQTK,Approved,Sun Mar 18 17:52:35 PDT 2018,Sun Mar 18 17:52:59 PDT 2018,Mon Mar 19 17:52:59 PDT 2018,Sun Mar 18 23:36:31 PDT 2018,,,24,100% (28/28),100% (28/28),100% (28/28),https://clyp.it/c2hgvrca,1,2,単に与えられた新しい知識の断片として聞き流すわけにはいかなかった,x,
3DTJ4WT8BDJD4OGLB077QD1WVYJZET,370Y8Q6HBAC1FI9KLT8GBERI86J11E,Listen to Japanese audio and rate quality,"Listen to computer-generated, Japanese speech and rate the quality. You MUST know Japanese to participate.","audio, listen, speech, computer, Japanese",$0.10,Sat Mar 17 23:43:30 PDT 2018,40,BatchId:3157888;OriginalHitTemplateId:920937332;,600,86400,Sat Mar 24 23:43:30 PDT 2018,,,3F6HPJW4JE4K1XXUXVX0DSTAI6C2WS,A2VNK2H6USLQTK,Approved,Sun Mar 18 17:50:50 PDT 2018,Sun Mar 18 17:51:13 PDT 2018,Mon Mar 19 17:51:13 PDT 2018,Sun Mar 18 23:36:31 PDT 2018,,,23,100% (28/28),100% (28/28),100% (28/28),https://clyp.it/45icgqws,1,1,単に与えられた新しい知識の断片として聞き流すわけにはいかなかった,x,
3DTJ4WT8BDJD4OGLB077QD1WVYJZET,370Y8Q6HBAC1FI9KLT8GBERI86J11E,Listen to Japanese audio and rate quality,"Listen to computer-generated, Japanese speech and rate the quality. You MUST know Japanese to participate.","audio, listen, speech, computer, Japanese",$0.10,Sat Mar 17 23:43:30 PDT 2018,40,BatchId:3157888;OriginalHitTemplateId:920937332;,600,86400,Sat Mar 24 23:43:30 PDT 2018,,,3YOH7BII0AB23O1FWRY8RMWQSXTVKU,A2Y3QNLB6ZRAMJ,Approved,Sun Mar 18 16:06:27 PDT 2018,Sun Mar 18 16:06:53 PDT 2018,Mon Mar 19 16:06:53 PDT 2018,Sun Mar 18 23:36:35 PDT 2018,,,26,100% (39/39),100% (39/39),100% (39/39),https://clyp.it/45icgqws,1,1,単に与えられた、新しい知識の断片として聞き流すわけにいかなかった。,x,
39AYGO6AFFOFAK9N2UDFJ22A4MNN6F,370Y8Q6HBAC1FI9KLT8GBERI86J11E,Listen to Japanese audio and rate quality,"Listen to computer-generated, Japanese speech and rate the quality. You MUST know Japanese to participate.","audio, listen, speech, computer, Japanese",$0.10,Sat Mar 17 23:43:30 PDT 2018,40,BatchId:3157888;OriginalHitTemplateId:920937332;,600,86400,Sat Mar 24 23:43:30 PDT 2018,,,3QECW5O0KI5K8DCNK9UNOFPNYML5T6,A2VNK2H6USLQTK,Approved,Sun Mar 18 17:55:53 PDT 2018,Sun Mar 18 17:56:12 PDT 2018,Mon Mar 19 17:56:12 PDT 2018,Sun Mar 18 23:36:32 PDT 2018,,,19,100% (28/28),100% (28/28),100% (28/28),https://clyp.it/lqm1y41w,1,1,単に与えられた新しい知識の断片として聞き流すわけにはいかなかった,x,
39AYGO6AFFOFAK9N2UDFJ22A4MNN6F,370Y8Q6HBAC1FI9KLT8GBERI86J11E,Listen to Japanese audio and rate quality,"Listen to computer-generated, Japanese speech and rate the quality. You MUST know Japanese to participate.","audio, listen, speech, computer, Japanese",$0.10,Sat Mar 17 23:43:30 PDT 2018,40,BatchId:3157888;OriginalHitTemplateId:920937332;,600,86400,Sat Mar 24 23:43:30 PDT 2018,,,3W2LOLRXLCJAAHKYN7TYQP7N7RGKRQ,A2Y3QNLB6ZRAMJ,Approved,Sun Mar 18 15:59:39 PDT 2018,Sun Mar 18 16:00:06 PDT 2018,Mon Mar 19 16:00:06 PDT 2018,Sun Mar 18 23:36:35 PDT 2018,,,27,100% (39/39),100% (39/39),100% (39/39),https://clyp.it/lqm1y41w,1,1,単に与えられた、新しい知識の断片として聞き流すわけにいかなかった。,x,
34ZTTGSNJXSGA66WE5W0KNM5IBQHQX,370Y8Q6HBAC1FI9KLT8GBERI86J11E,Listen to Japanese audio and rate quality,"Listen to computer-generated, Japanese speech and rate the quality. You MUST know Japanese to participate.","audio, listen, speech, computer, Japanese",$0.10,Sat Mar 17 23:43:30 PDT 2018,40,BatchId:3157888;OriginalHitTemplateId:920937332;,600,86400,Sat Mar 24 23:43:30 PDT 2018,,,3M1CVSFP6194M3WCY1R9RLUM6TNAQ3,A2VNK2H6USLQTK,Approved,Sun Mar 18 17:49:19 PDT 2018,Sun Mar 18 17:49:54 PDT 2018,Mon Mar 19 17:49:54 PDT 2018,Sun Mar 18 23:36:32 PDT 2018,,,35,100% (28/28),100% (28/28),100% (28/28),https://clyp.it/smcs04va,3,3,単に与えられた新しい知識の断片として聞き流すわけにはいかなかった,x,
34ZTTGSNJXSGA66WE5W0KNM5IBQHQX,370Y8Q6HBAC1FI9KLT8GBERI86J11E,Listen to Japanese audio and rate quality,"Listen to computer-generated, Japanese speech and rate the quality. You MUST know Japanese to participate.","audio, listen, speech, computer, Japanese",$0.10,Sat Mar 17 23:43:30 PDT 2018,40,BatchId:3157888;OriginalHitTemplateId:920937332;,600,86400,Sat Mar 24 23:43:30 PDT 2018,,,3TK8OJTYM2P3EFYV9J3GN3IPM7ZPVP,A2Y3QNLB6ZRAMJ,Approved,Sun Mar 18 16:02:19 PDT 2018,Sun Mar 18 16:02:47 PDT 2018,Mon Mar 19 16:02:47 PDT 2018,Sun Mar 18 23:36:35 PDT 2018,,,28,100% (39/39),100% (39/39),100% (39/39),https://clyp.it/smcs04va,1,2,単に与えられた、新しい知識の断片として聞き流すわけにいかなかった。,x,
3ZURAPD288R8F6V9Y0ILG12KUKLF12,370Y8Q6HBAC1FI9KLT8GBERI86J11E,Listen to Japanese audio and rate quality,"Listen to computer-generated, Japanese speech and rate the quality. You MUST know Japanese to participate.","audio, listen, speech, computer, Japanese",$0.10,Sat Mar 17 23:43:30 PDT 2018,40,BatchId:3157888;OriginalHitTemplateId:920937332;,600,86400,Sat Mar 24 23:43:30 PDT 2018,,,34Q075JO1YHK4MEDLK411EA1PVJ108,A2VNK2H6USLQTK,Approved,Sun Mar 18 17:48:34 PDT 2018,Sun Mar 18 17:48:56 PDT 2018,Mon Mar 19 17:48:56 PDT 2018,Sun Mar 18 23:36:32 PDT 2018,,,22,100% (28/28),100% (28/28),100% (28/28),https://clyp.it/i1cu05ik,5,3,単に与えられた新しい知識の断片として聞き流すわけにはいかなかった,x,
3ZURAPD288R8F6V9Y0ILG12KUKLF12,370Y8Q6HBAC1FI9KLT8GBERI86J11E,Listen to Japanese audio and rate quality,"Listen to computer-generated, Japanese speech and rate the quality. You MUST know Japanese to participate.","audio, listen, speech, computer, Japanese",$0.10,Sat Mar 17 23:43:30 PDT 2018,40,BatchId:3157888;OriginalHitTemplateId:920937332;,600,86400,Sat Mar 24 23:43:30 PDT 2018,,,3HPZF4IVNNX1OKKW9P4UA2NC55JCY4,A2Y3QNLB6ZRAMJ,Approved,Sun Mar 18 14:01:25 PDT 2018,Sun Mar 18 14:01:54 PDT 2018,Mon Mar 19 14:01:54 PDT 2018,Sun Mar 18 23:36:35 PDT 2018,,,29,100% (39/39),100% (39/39),100% (39/39),https://clyp.it/i1cu05ik,4,4,単に与えられた、新しい知識の断片として聞き流すわけにいかなかった。,x,
3ZURAPD288R8F6V9Y0ILG12KUKLF12,370Y8Q6HBAC1FI9KLT8GBERI86J11E,Listen to Japanese audio and rate quality,"Listen to computer-generated, Japanese speech and rate the quality. You MUST know Japanese to participate.","audio, listen, speech, computer, Japanese",$0.10,Sat Mar 17 23:43:30 PDT 2018,40,BatchId:3157888;OriginalHitTemplateId:920937332;,600,86400,Sat Mar 24 23:43:30 PDT 2018,,,3UJ1CZ6IZITJTDZ8V9PXEAT1W38S55,A3OON9KQ2OSNTD,Approved,Sun Mar 18 18:59:19 PDT 2018,Sun Mar 18 19:00:15 PDT 2018,Mon Mar 19 19:00:15 PDT 2018,Sun Mar 18 23:37:25 PDT 2018,,,56,100% (7/7),100% (7/7),100% (7/7),https://clyp.it/i1cu05ik,4,4,Sore wa taihen kachigāru,,The test audio was transcribed instead of the reference audio.  The distinction between the two was made clearly in the directions.  I'm sorry for having to reject this work.  Feel free to try again.
3VADEH0UHC1K03JXPMTAOW3XMQLPSZ,370Y8Q6HBAC1FI9KLT8GBERI86J11E,Listen to Japanese audio and rate quality,"Listen to computer-generated, Japanese speech and rate the quality. You MUST know Japanese to participate.","audio, listen, speech, computer, Japanese",$0.10,Sat Mar 17 23:43:30 PDT 2018,40,BatchId:3157888;OriginalHitTemplateId:920937332;,600,86400,Sat Mar 24 23:43:30 PDT 2018,,,3JBT3HLQF96KNZ35AGSJ89VLAI1ZPV,A2Y3QNLB6ZRAMJ,Approved,Sun Mar 18 13:55:33 PDT 2018,Sun Mar 18 13:56:00 PDT 2018,Mon Mar 19 13:56:00 PDT 2018,Sun Mar 18 23:36:35 PDT 2018,,,27,100% (39/39),100% (39/39),100% (39/39),https://clyp.it/13jqcvgm,1,1,単に与えられた、新しい知識の断片として聞き流すわけにいかなかった。,x,
3VADEH0UHC1K03JXPMTAOW3XMQLPSZ,370Y8Q6HBAC1FI9KLT8GBERI86J11E,Listen to Japanese audio and rate quality,"Listen to computer-generated, Japanese speech and rate the quality. You MUST know Japanese to participate.","audio, listen, speech, computer, Japanese",$0.10,Sat Mar 17 23:43:30 PDT 2018,40,BatchId:3157888;OriginalHitTemplateId:920937332;,600,86400,Sat Mar 24 23:43:30 PDT 2018,,,3PM8NZGV8ZKGIG459BJNBT5K7EVQXM,A2VNK2H6USLQTK,Approved,Sun Mar 18 17:50:28 PDT 2018,Sun Mar 18 17:50:49 PDT 2018,Mon Mar 19 17:50:49 PDT 2018,Sun Mar 18 23:36:32 PDT 2018,,,21,100% (28/28),100% (28/28),100% (28/28),https://clyp.it/13jqcvgm,1,1,単に与えられた新しい知識の断片として聞き流すわけにはいかなかった,x,
3IZPORCT1FDGM7LWRKL0PDWAEXSHRY,370Y8Q6HBAC1FI9KLT8GBERI86J11E,Listen to Japanese audio and rate quality,"Listen to computer-generated, Japanese speech and rate the quality. You MUST know Japanese to participate.","audio, listen, speech, computer, Japanese",$0.10,Sat Mar 17 23:43:30 PDT 2018,40,BatchId:3157888;OriginalHitTemplateId:920937332;,600,86400,Sat Mar 24 23:43:30 PDT 2018,,,30ZX6P7VF9ZYVDXVQWELO2Z2GA12JV,A2Y3QNLB6ZRAMJ,Approved,Sun Mar 18 16:01:51 PDT 2018,Sun Mar 18 16:02:18 PDT 2018,Mon Mar 19 16:02:18 PDT 2018,Sun Mar 18 23:36:35 PDT 2018,,,27,100% (39/39),100% (39/39),100% (39/39),https://clyp.it/l3qba2fv,5,4,単に与えられた、新しい知識の断片として聞き流すわけにいかなかった。,x,
3IZPORCT1FDGM7LWRKL0PDWAEXSHRY,370Y8Q6HBAC1FI9KLT8GBERI86J11E,Listen to Japanese audio and rate quality,"Listen to computer-generated, Japanese speech and rate the quality. You MUST know Japanese to participate.","audio, listen, speech, computer, Japanese",$0.10,Sat Mar 17 23:43:30 PDT 2018,40,BatchId:3157888;OriginalHitTemplateId:920937332;,600,86400,Sat Mar 24 23:43:30 PDT 2018,,,35USIKEBNSKIW47HSWIG7MXV5ZBN64,A3OON9KQ2OSNTD,Approved,Sun Mar 18 18:58:07 PDT 2018,Sun Mar 18 18:58:50 PDT 2018,Mon Mar 19 18:58:50 PDT 2018,Sun Mar 18 23:37:25 PDT 2018,,,43,100% (7/7),100% (7/7),100% (7/7),https://clyp.it/l3qba2fv,5,5,Kare wa jibun no keiken o kochō shite itta,,The test audio was transcribed instead of the reference audio.  The distinction between the two was made clearly in the directions.  I'm sorry for having to reject this work.  Feel free to try again.
3IZPORCT1FDGM7LWRKL0PDWAEXSHRY,370Y8Q6HBAC1FI9KLT8GBERI86J11E,Listen to Japanese audio and rate quality,"Listen to computer-generated, Japanese speech and rate the quality. You MUST know Japanese to participate.","audio, listen, speech, computer, Japanese",$0.10,Sat Mar 17 23:43:30 PDT 2018,40,BatchId:3157888;OriginalHitTemplateId:920937332;,600,86400,Sat Mar 24 23:43:30 PDT 2018,,,3E4GGUZ1T9VT6X3D8HEXPHZFVZ32KW,A2VNK2H6USLQTK,Approved,Sun Mar 18 17:46:37 PDT 2018,Sun Mar 18 17:47:11 PDT 2018,Mon Mar 19 17:47:11 PDT 2018,Sun Mar 18 23:36:32 PDT 2018,,,34,100% (28/28),100% (28/28),100% (28/28),https://clyp.it/l3qba2fv,4,3,単に与えられた新しい知識の断片として聞き流すわけにはいかなかった,x,
3IVKZBIBJ0DSNML969L5FN160ZBHSM,370Y8Q6HBAC1FI9KLT8GBERI86J11E,Listen to Japanese audio and rate quality,"Listen to computer-generated, Japanese speech and rate the quality. You MUST know Japanese to participate.","audio, listen, speech, computer, Japanese",$0.10,Sat Mar 17 23:43:30 PDT 2018,40,BatchId:3157888;OriginalHitTemplateId:920937332;,600,86400,Sat Mar 24 23:43:30 PDT 2018,,,37TD41K0AID4SY8NAJC5SGZBOKQSC9,A2Y3QNLB6ZRAMJ,Approved,Sun Mar 18 15:53:16 PDT 2018,Sun Mar 18 15:53:53 PDT 2018,Mon Mar 19 15:53:53 PDT 2018,Sun Mar 18 23:36:35 PDT 2018,,,37,100% (39/39),100% (39/39),100% (39/39),https://clyp.it/r25tux2z,2,1,単に与えられた、新しい知識の断片として聞き流すわけにいかなかった。,x,
3OYHVNTV5T24RKUO5D7T8A7XVRCKOW,370Y8Q6HBAC1FI9KLT8GBERI86J11E,Listen to Japanese audio and rate quality,"Listen to computer-generated, Japanese speech and rate the quality. You MUST know Japanese to participate.","audio, listen, speech, computer, Japanese",$0.10,Sat Mar 17 23:43:30 PDT 2018,40,BatchId:3157888;OriginalHitTemplateId:920937332;,600,86400,Sat Mar 24 23:43:30 PDT 2018,,,3GDTJDAPVVFZI0559A0EEL4M64SM8Q,A29N79UDI6W2US,Approved,Sun Mar 18 19:25:22 PDT 2018,Sun Mar 18 19:26:27 PDT 2018,Mon Mar 19 19:26:27 PDT 2018,Sun Mar 18 23:36:29 PDT 2018,,,65,100% (8/8),100% (8/8),100% (8/8),https://clyp.it/oxwkn4ei,5,5,単に与えられた新しい知識の断片として、聞き流すわけにいかなかった。,x,
3OYHVNTV5T24RKUO5D7T8A7XVRCKOW,370Y8Q6HBAC1FI9KLT8GBERI86J11E,Listen to Japanese audio and rate quality,"Listen to computer-generated, Japanese speech and rate the quality. You MUST know Japanese to participate.","audio, listen, speech, computer, Japanese",$0.10,Sat Mar 17 23:43:30 PDT 2018,40,BatchId:3157888;OriginalHitTemplateId:920937332;,600,86400,Sat Mar 24 23:43:30 PDT 2018,,,3H8DHMCCWAFG971T56YEL0QJSQPKDK,A2Y3QNLB6ZRAMJ,Approved,Sun Mar 18 15:55:47 PDT 2018,Sun Mar 18 15:56:14 PDT 2018,Mon Mar 19 15:56:14 PDT 2018,Sun Mar 18 23:36:35 PDT 2018,,,27,100% (39/39),100% (39/39),100% (39/39),https://clyp.it/oxwkn4ei,5,3,単に与えられた、新しい知識の断片として聞き流すわけにいかなかった。,x,
3SCKNODZ0XKYEKNSL4I7PG26ZX7N7E,370Y8Q6HBAC1FI9KLT8GBERI86J11E,Listen to Japanese audio and rate quality,"Listen to computer-generated, Japanese speech and rate the quality. You MUST know Japanese to participate.","audio, listen, speech, computer, Japanese",$0.10,Sat Mar 17 23:43:30 PDT 2018,40,BatchId:3157888;OriginalHitTemplateId:920937332;,600,86400,Sat Mar 24 23:43:30 PDT 2018,,,3VA45EW49OR5736WN56CRF6JNYT1OS,A2Y3QNLB6ZRAMJ,Approved,Sun Mar 18 13:52:02 PDT 2018,Sun Mar 18 13:52:44 PDT 2018,Mon Mar 19 13:52:44 PDT 2018,Sun Mar 18 23:36:35 PDT 2018,,,42,100% (39/39),100% (39/39),100% (39/39),https://clyp.it/uyuvxmzw,1,1,単に与えられた、新しい知識の断片として聞き流すわけにいかなかった。,x,
3SCKNODZ0XKYEKNSL4I7PG26ZX7N7E,370Y8Q6HBAC1FI9KLT8GBERI86J11E,Listen to Japanese audio and rate quality,"Listen to computer-generated, Japanese speech and rate the quality. You MUST know Japanese to participate.","audio, listen, speech, computer, Japanese",$0.10,Sat Mar 17 23:43:30 PDT 2018,40,BatchId:3157888;OriginalHitTemplateId:920937332;,600,86400,Sat Mar 24 23:43:30 PDT 2018,,,3WAKVUDHUXKEVU5V87ZURVPL86N7UE,A2VNK2H6USLQTK,Approved,Sun Mar 18 17:46:07 PDT 2018,Sun Mar 18 17:46:37 PDT 2018,Mon Mar 19 17:46:37 PDT 2018,Sun Mar 18 23:36:32 PDT 2018,,,30,100% (28/28),100% (28/28),100% (28/28),https://clyp.it/uyuvxmzw,1,1,単に与えられた新しい知識の断片として聞き流すわけにはいかなかった,x,
36U4VBVNQOHLRTRGRJSZ8SL085UURC,370Y8Q6HBAC1FI9KLT8GBERI86J11E,Listen to Japanese audio and rate quality,"Listen to computer-generated, Japanese speech and rate the quality. You MUST know Japanese to participate.","audio, listen, speech, computer, Japanese",$0.10,Sat Mar 17 23:43:31 PDT 2018,40,BatchId:3157888;OriginalHitTemplateId:920937332;,600,86400,Sat Mar 24 23:43:31 PDT 2018,,,3DY4FPOOA2SOQSEAMB75SYI4NPRVRR,A3OON9KQ2OSNTD,Approved,Sun Mar 18 19:03:00 PDT 2018,Sun Mar 18 19:04:41 PDT 2018,Mon Mar 19 19:04:41 PDT 2018,Sun Mar 18 23:37:25 PDT 2018,,,101,100% (7/7),100% (7/7),100% (7/7),https://clyp.it/lfb1pr1a,5,4,Kono bu e ya ya no doko ka ni komo kakurete iru koto wa bun waka tte iru zo,,The test audio was transcribed instead of the reference audio.  The distinction between the two was made clearly in the directions.  I'm sorry for having to reject this work.  Feel free to try again.
36U4VBVNQOHLRTRGRJSZ8SL085UURC,370Y8Q6HBAC1FI9KLT8GBERI86J11E,Listen to Japanese audio and rate quality,"Listen to computer-generated, Japanese speech and rate the quality. You MUST know Japanese to participate.","audio, listen, speech, computer, Japanese",$0.10,Sat Mar 17 23:43:31 PDT 2018,40,BatchId:3157888;OriginalHitTemplateId:920937332;,600,86400,Sat Mar 24 23:43:31 PDT 2018,,,3R3YRB5GRG7WEW3TFABE1MRB9EQUAP,A2Y3QNLB6ZRAMJ,Approved,Sun Mar 18 15:53:58 PDT 2018,Sun Mar 18 15:54:28 PDT 2018,Mon Mar 19 15:54:28 PDT 2018,Sun Mar 18 23:36:36 PDT 2018,,,30,100% (39/39),100% (39/39),100% (39/39),https://clyp.it/lfb1pr1a,1,1,単に与えられた、新しい知識の断片として聞き流すわけにいかなかった。,x,
36U4VBVNQOHLRTRGRJSZ8SL085UURC,370Y8Q6HBAC1FI9KLT8GBERI86J11E,Listen to Japanese audio and rate quality,"Listen to computer-generated, Japanese speech and rate the quality. You MUST know Japanese to participate.","audio, listen, speech, computer, Japanese",$0.10,Sat Mar 17 23:43:31 PDT 2018,40,BatchId:3157888;OriginalHitTemplateId:920937332;,600,86400,Sat Mar 24 23:43:31 PDT 2018,,,3TPWUS5F8A5XZFPWUOM6P52WUXOWCU,A2VNK2H6USLQTK,Approved,Sun Mar 18 17:55:07 PDT 2018,Sun Mar 18 17:55:30 PDT 2018,Mon Mar 19 17:55:30 PDT 2018,Sun Mar 18 23:36:32 PDT 2018,,,23,100% (28/28),100% (28/28),100% (28/28),https://clyp.it/lfb1pr1a,3,2,単に与えられた新しい知識の断片として聞き流すわけにはいかなかった,x,
3YLPJ8OXX8H67RJDLC79K69UA9RX4O,370Y8Q6HBAC1FI9KLT8GBERI86J11E,Listen to Japanese audio and rate quality,"Listen to computer-generated, Japanese speech and rate the quality. You MUST know Japanese to participate.","audio, listen, speech, computer, Japanese",$0.10,Sat Mar 17 23:43:31 PDT 2018,40,BatchId:3157888;OriginalHitTemplateId:920937332;,600,86400,Sat Mar 24 23:43:31 PDT 2018,,,3DY4FPOOA2SOQSEAMB75SYI4NPPVRP,A2VNK2H6USLQTK,Approved,Sun Mar 18 17:47:41 PDT 2018,Sun Mar 18 17:48:09 PDT 2018,Mon Mar 19 17:48:09 PDT 2018,Sun Mar 18 23:36:32 PDT 2018,,,28,100% (28/28),100% (28/28),100% (28/28),https://clyp.it/ytvxlcbr,3,3,単に与えられた新しい知識の断片として聞き流すわけにはいかなかった,x,
3YLPJ8OXX8H67RJDLC79K69UA9RX4O,370Y8Q6HBAC1FI9KLT8GBERI86J11E,Listen to Japanese audio and rate quality,"Listen to computer-generated, Japanese speech and rate the quality. You MUST know Japanese to participate.","audio, listen, speech, computer, Japanese",$0.10,Sat Mar 17 23:43:31 PDT 2018,40,BatchId:3157888;OriginalHitTemplateId:920937332;,600,86400,Sat Mar 24 23:43:31 PDT 2018,,,3EG49X351VGN8YLLU25P5OOT7DOX61,AP5ICU25HJDTL,Approved,Sun Mar 18 20:58:20 PDT 2018,Sun Mar 18 20:59:34 PDT 2018,Mon Mar 19 20:59:34 PDT 2018,Sun Mar 18 23:36:37 PDT 2018,,,74,100% (9/9),100% (9/9),100% (9/9),https://clyp.it/ytvxlcbr,5,4,単に与えられた新しい知識の断片として聞き流すわけにはいかなかった。,x,
3YLPJ8OXX8H67RJDLC79K69UA9RX4O,370Y8Q6HBAC1FI9KLT8GBERI86J11E,Listen to Japanese audio and rate quality,"Listen to computer-generated, Japanese speech and rate the quality. You MUST know Japanese to participate.","audio, listen, speech, computer, Japanese",$0.10,Sat Mar 17 23:43:31 PDT 2018,40,BatchId:3157888;OriginalHitTemplateId:920937332;,600,86400,Sat Mar 24 23:43:31 PDT 2018,,,3FQ5JJ512MSPVJS6U0CHH52D6URNK5,A2Y3QNLB6ZRAMJ,Approved,Sun Mar 18 16:00:28 PDT 2018,Sun Mar 18 16:00:58 PDT 2018,Mon Mar 19 16:00:58 PDT 2018,Sun Mar 18 23:36:36 PDT 2018,,,30,100% (39/39),100% (39/39),100% (39/39),https://clyp.it/ytvxlcbr,4,3,単に与えられた、新しい知識の断片として聞き流すわけにいかなかった。,x,
3YLPJ8OXX8H67RJDLC79K69UA9RX4O,370Y8Q6HBAC1FI9KLT8GBERI86J11E,Listen to Japanese audio and rate quality,"Listen to computer-generated, Japanese speech and rate the quality. You MUST know Japanese to participate.","audio, listen, speech, computer, Japanese",$0.10,Sat Mar 17 23:43:31 PDT 2018,40,BatchId:3157888;OriginalHitTemplateId:920937332;,600,86400,Sat Mar 24 23:43:31 PDT 2018,,,3Z3ZLGNNSJY42IXRPMCZ4DGG0JS3QX,A3F4BE229KYG3S,Approved,Sun Mar 18 15:36:52 PDT 2018,Sun Mar 18 15:38:23 PDT 2018,Mon Mar 19 15:38:23 PDT 2018,Sun Mar 18 23:37:24 PDT 2018,,,91,100% (3/3),100% (3/3),100% (3/3),https://clyp.it/ytvxlcbr,3,3,彼らは庭で昼食をとっている。,,The test audio was transcribed instead of the reference audio.  The distinction between the two was made clearly in the directions.  I'm sorry for having to reject this work.  Feel free to try again.
367O8HRHKGCYBAXER21MLYS2VUPS4B,370Y8Q6HBAC1FI9KLT8GBERI86J11E,Listen to Japanese audio and rate quality,"Listen to computer-generated, Japanese speech and rate the quality. You MUST know Japanese to participate.","audio, listen, speech, computer, Japanese",$0.10,Sat Mar 17 23:43:31 PDT 2018,40,BatchId:3157888;OriginalHitTemplateId:920937332;,600,86400,Sat Mar 24 23:43:31 PDT 2018,,,3OXV7EAXLFUBS0E7ADY1Y8ZP0IJ363,A2VNK2H6USLQTK,Approved,Sun Mar 18 17:53:25 PDT 2018,Sun Mar 18 17:53:44 PDT 2018,Mon Mar 19 17:53:44 PDT 2018,Sun Mar 18 23:36:32 PDT 2018,,,19,100% (28/28),100% (28/28),100% (28/28),https://clyp.it/olxby3l2,5,4,単に与えられた新しい知識の断片として聞き流すわけにはいかなかった,x,
367O8HRHKGCYBAXER21MLYS2VUPS4B,370Y8Q6HBAC1FI9KLT8GBERI86J11E,Listen to Japanese audio and rate quality,"Listen to computer-generated, Japanese speech and rate the quality. You MUST know Japanese to participate.","audio, listen, speech, computer, Japanese",$0.10,Sat Mar 17 23:43:31 PDT 2018,40,BatchId:3157888;OriginalHitTemplateId:920937332;,600,86400,Sat Mar 24 23:43:31 PDT 2018,,,3YZ8UPK3VUQK7B0RZO757HHZ9H7UCN,A2Y3QNLB6ZRAMJ,Approved,Sun Mar 18 13:48:20 PDT 2018,Sun Mar 18 13:49:35 PDT 2018,Mon Mar 19 13:49:35 PDT 2018,Sun Mar 18 23:36:36 PDT 2018,,,75,100% (39/39),100% (39/39),100% (39/39),https://clyp.it/olxby3l2,4,5,単に与えられた、新しい知識の断片として聞き流すわけにいかなかった。,x,
3VP28W7DUNO5A2GH6BRD8VMW7ZYZFB,370Y8Q6HBAC1FI9KLT8GBERI86J11E,Listen to Japanese audio and rate quality,"Listen to computer-generated, Japanese speech and rate the quality. You MUST know Japanese to participate.","audio, listen, speech, computer, Japanese",$0.10,Sat Mar 17 23:43:31 PDT 2018,40,BatchId:3157888;OriginalHitTemplateId:920937332;,600,86400,Sat Mar 24 23:43:31 PDT 2018,,,39LOEL67OT9YWEXV3SVZIMVG6D983U,A2VNK2H6USLQTK,Approved,Sun Mar 18 17:48:09 PDT 2018,Sun Mar 18 17:48:34 PDT 2018,Mon Mar 19 17:48:34 PDT 2018,Sun Mar 18 23:36:33 PDT 2018,,,25,100% (28/28),100% (28/28),100% (28/28),https://clyp.it/o10le5ca,1,1,単に与えられた新しい知識の断片として聞き流すわけにはいかなかった,x,
3VP28W7DUNO5A2GH6BRD8VMW7ZYZFB,370Y8Q6HBAC1FI9KLT8GBERI86J11E,Listen to Japanese audio and rate quality,"Listen to computer-generated, Japanese speech and rate the quality. You MUST know Japanese to participate.","audio, listen, speech, computer, Japanese",$0.10,Sat Mar 17 23:43:31 PDT 2018,40,BatchId:3157888;OriginalHitTemplateId:920937332;,600,86400,Sat Mar 24 23:43:31 PDT 2018,,,3HUTX6F6VVRCWOOS696QWYGOF4B2OE,A2Y3QNLB6ZRAMJ,Approved,Sun Mar 18 16:02:47 PDT 2018,Sun Mar 18 16:03:10 PDT 2018,Mon Mar 19 16:03:10 PDT 2018,Sun Mar 18 23:36:36 PDT 2018,,,23,100% (39/39),100% (39/39),100% (39/39),https://clyp.it/o10le5ca,1,1,単に与えられた、新しい知識の断片として聞き流すわけにいかなかった。,x,
3VP28W7DUNO5A2GH6BRD8VMW7ZYZFB,370Y8Q6HBAC1FI9KLT8GBERI86J11E,Listen to Japanese audio and rate quality,"Listen to computer-generated, Japanese speech and rate the quality. You MUST know Japanese to participate.","audio, listen, speech, computer, Japanese",$0.10,Sat Mar 17 23:43:31 PDT 2018,40,BatchId:3157888;OriginalHitTemplateId:920937332;,600,86400,Sat Mar 24 23:43:31 PDT 2018,,,3LKC68YZ3B7Y84MZKTVXK5WDJB9WOT,A29N79UDI6W2US,Approved,Sun Mar 18 19:18:18 PDT 2018,Sun Mar 18 19:19:30 PDT 2018,Mon Mar 19 19:19:30 PDT 2018,Sun Mar 18 23:36:30 PDT 2018,,,72,100% (8/8),100% (8/8),100% (8/8),https://clyp.it/o10le5ca,1,1,単に与えられた新しい知識の断片として、聞き流すわけにいかなかった。,x,
3UYRNV2KIT32EYSBV9AD3GY1AHDN81,370Y8Q6HBAC1FI9KLT8GBERI86J11E,Listen to Japanese audio and rate quality,"Listen to computer-generated, Japanese speech and rate the quality. You MUST know Japanese to participate.","audio, listen, speech, computer, Japanese",$0.10,Sat Mar 17 23:43:31 PDT 2018,40,BatchId:3157888;OriginalHitTemplateId:920937332;,600,86400,Sat Mar 24 23:43:31 PDT 2018,,,3O6CYIULEE5TL96WGF76JBO21XPUWW,A2Y3QNLB6ZRAMJ,Approved,Sun Mar 18 13:55:03 PDT 2018,Sun Mar 18 13:55:30 PDT 2018,Mon Mar 19 13:55:30 PDT 2018,Sun Mar 18 23:36:36 PDT 2018,,,27,100% (39/39),100% (39/39),100% (39/39),https://clyp.it/ym4r0tkt,5,5,単に与えられた、新しい知識の断片として聞き流すわけにいかなかった。,x,
3LEG2HW4UFRF4RD5H4IZLKCPMQZF2J,370Y8Q6HBAC1FI9KLT8GBERI86J11E,Listen to Japanese audio and rate quality,"Listen to computer-generated, Japanese speech and rate the quality. You MUST know Japanese to participate.","audio, listen, speech, computer, Japanese",$0.10,Sat Mar 17 23:43:31 PDT 2018,40,BatchId:3157888;OriginalHitTemplateId:920937332;,600,86400,Sat Mar 24 23:43:31 PDT 2018,,,308Q0PEVB9HD0MYOTN80MOSG91LI9Q,A2Y3QNLB6ZRAMJ,Approved,Sun Mar 18 15:51:58 PDT 2018,Sun Mar 18 15:52:31 PDT 2018,Mon Mar 19 15:52:31 PDT 2018,Sun Mar 18 23:36:36 PDT 2018,,,33,100% (39/39),100% (39/39),100% (39/39),https://clyp.it/kppix4xv,4,2,単に与えられた、新しい知識の断片として聞き流すわけにいかなかった。,x,
3LEG2HW4UFRF4RD5H4IZLKCPMQZF2J,370Y8Q6HBAC1FI9KLT8GBERI86J11E,Listen to Japanese audio and rate quality,"Listen to computer-generated, Japanese speech and rate the quality. You MUST know Japanese to participate.","audio, listen, speech, computer, Japanese",$0.10,Sat Mar 17 23:43:31 PDT 2018,40,BatchId:3157888;OriginalHitTemplateId:920937332;,600,86400,Sat Mar 24 23:43:31 PDT 2018,,,3VNL7UK1XGNCAA5CQL7WARG0NGYTFC,A2VNK2H6USLQTK,Approved,Sun Mar 18 17:51:44 PDT 2018,Sun Mar 18 17:52:07 PDT 2018,Mon Mar 19 17:52:07 PDT 2018,Sun Mar 18 23:36:33 PDT 2018,,,23,100% (28/28),100% (28/28),100% (28/28),https://clyp.it/kppix4xv,5,2,単に与えられた新しい知識の断片として聞き流すわけにはいかなかった,x,
3R5OYNIC2CDLF3WCEMY0Y1ZJO9ZPTO,370Y8Q6HBAC1FI9KLT8GBERI86J11E,Listen to Japanese audio and rate quality,"Listen to computer-generated, Japanese speech and rate the quality. You MUST know Japanese to participate.","audio, listen, speech, computer, Japanese",$0.10,Sat Mar 17 23:43:31 PDT 2018,40,BatchId:3157888;OriginalHitTemplateId:920937332;,600,86400,Sat Mar 24 23:43:31 PDT 2018,,,34V1S5K3GT5X723NRMZBPL2B0AV96S,A29N79UDI6W2US,Approved,Sun Mar 18 19:23:57 PDT 2018,Sun Mar 18 19:25:04 PDT 2018,Mon Mar 19 19:25:04 PDT 2018,Sun Mar 18 23:36:30 PDT 2018,,,67,100% (8/8),100% (8/8),100% (8/8),https://clyp.it/qfwc50qi,5,4,単に与えられた新しい知識の断片として、聞き流すわけにいかなかった。,x,
3R5OYNIC2CDLF3WCEMY0Y1ZJO9ZPTO,370Y8Q6HBAC1FI9KLT8GBERI86J11E,Listen to Japanese audio and rate quality,"Listen to computer-generated, Japanese speech and rate the quality. You MUST know Japanese to participate.","audio, listen, speech, computer, Japanese",$0.10,Sat Mar 17 23:43:31 PDT 2018,40,BatchId:3157888;OriginalHitTemplateId:920937332;,600,86400,Sat Mar 24 23:43:31 PDT 2018,,,39GXDJN2OUII8NZEN2151HNZXXZ8VO,A3F4BE229KYG3S,Approved,Sun Mar 18 15:39:37 PDT 2018,Sun Mar 18 15:40:06 PDT 2018,Mon Mar 19 15:40:06 PDT 2018,Sun Mar 18 23:37:25 PDT 2018,,,29,100% (3/3),100% (3/3),100% (3/3),https://clyp.it/qfwc50qi,4,4,両親は私にそこへ行かせた。,,The test audio was transcribed instead of the reference audio.  The distinction between the two was made clearly in the directions.  I'm sorry for having to reject this work.  Feel free to try again.
3R5OYNIC2CDLF3WCEMY0Y1ZJO9ZPTO,370Y8Q6HBAC1FI9KLT8GBERI86J11E,Listen to Japanese audio and rate quality,"Listen to computer-generated, Japanese speech and rate the quality. You MUST know Japanese to participate.","audio, listen, speech, computer, Japanese",$0.10,Sat Mar 17 23:43:31 PDT 2018,40,BatchId:3157888;OriginalHitTemplateId:920937332;,600,86400,Sat Mar 24 23:43:31 PDT 2018,,,3MAOD8E57REVFJRDTJR67ZAF236XN4,A2Y3QNLB6ZRAMJ,Approved,Sun Mar 18 16:06:53 PDT 2018,Sun Mar 18 16:07:31 PDT 2018,Mon Mar 19 16:07:31 PDT 2018,Sun Mar 18 23:36:36 PDT 2018,,,38,100% (39/39),100% (39/39),100% (39/39),https://clyp.it/qfwc50qi,4,3,単に与えられた、新しい知識の断片として聞き流すわけにいかなかった。,x,
3G4VVJO6PZKMCK6PKDK8XACN5W8KPD,370Y8Q6HBAC1FI9KLT8GBERI86J11E,Listen to Japanese audio and rate quality,"Listen to computer-generated, Japanese speech and rate the quality. You MUST know Japanese to participate.","audio, listen, speech, computer, Japanese",$0.10,Sat Mar 17 23:43:31 PDT 2018,40,BatchId:3157888;OriginalHitTemplateId:920937332;,600,86400,Sat Mar 24 23:43:31 PDT 2018,,,3F1567XTNX9QHKM76VD9VQJ20B2Q91,A2Y3QNLB6ZRAMJ,Approved,Sun Mar 18 16:05:59 PDT 2018,Sun Mar 18 16:06:26 PDT 2018,Mon Mar 19 16:06:26 PDT 2018,Sun Mar 18 23:36:36 PDT 2018,,,27,100% (39/39),100% (39/39),100% (39/39),https://clyp.it/0eigw4gr,4,3,単に与えられた、新しい知識の断片として聞き流すわけにいかなかった。,x,
3G4VVJO6PZKMCK6PKDK8XACN5W8KPD,370Y8Q6HBAC1FI9KLT8GBERI86J11E,Listen to Japanese audio and rate quality,"Listen to computer-generated, Japanese speech and rate the quality. You MUST know Japanese to participate.","audio, listen, speech, computer, Japanese",$0.10,Sat Mar 17 23:43:31 PDT 2018,40,BatchId:3157888;OriginalHitTemplateId:920937332;,600,86400,Sat Mar 24 23:43:31 PDT 2018,,,3TAYZSBPLMCRUGGLDQNZG3QPCTG2SD,A2VNK2H6USLQTK,Approved,Sun Mar 18 17:49:54 PDT 2018,Sun Mar 18 17:50:28 PDT 2018,Mon Mar 19 17:50:28 PDT 2018,Sun Mar 18 23:36:33 PDT 2018,,,34,100% (28/28),100% (28/28),100% (28/28),https://clyp.it/0eigw4gr,5,3,単に与えられた新しい知識の断片として聞き流すわけにはいかなかった,x,
3YZ7A3YHR5XG7T1E57KWQQYGVQKS5G,370Y8Q6HBAC1FI9KLT8GBERI86J11E,Listen to Japanese audio and rate quality,"Listen to computer-generated, Japanese speech and rate the quality. You MUST know Japanese to participate.","audio, listen, speech, computer, Japanese",$0.10,Sat Mar 17 23:43:31 PDT 2018,40,BatchId:3157888;OriginalHitTemplateId:920937332;,600,86400,Sat Mar 24 23:43:31 PDT 2018,,,3TPWUS5F8A5XZFPWUOM6P52WUXUCWG,AP5ICU25HJDTL,Approved,Sun Mar 18 20:59:37 PDT 2018,Sun Mar 18 21:00:42 PDT 2018,Mon Mar 19 21:00:42 PDT 2018,Sun Mar 18 23:36:38 PDT 2018,,,65,100% (9/9),100% (9/9),100% (9/9),https://clyp.it/ga5axxor,5,4,単に与えられた新しい知識の断片として聞き流すわけにはいかなかった。,x,
3YZ7A3YHR5XG7T1E57KWQQYGVQKS5G,370Y8Q6HBAC1FI9KLT8GBERI86J11E,Listen to Japanese audio and rate quality,"Listen to computer-generated, Japanese speech and rate the quality. You MUST know Japanese to participate.","audio, listen, speech, computer, Japanese",$0.10,Sat Mar 17 23:43:31 PDT 2018,40,BatchId:3157888;OriginalHitTemplateId:920937332;,600,86400,Sat Mar 24 23:43:31 PDT 2018,,,3X0H8UUIT2SD6WESRAC64A6EG08SWI,A2Y3QNLB6ZRAMJ,Approved,Sun Mar 18 16:01:26 PDT 2018,Sun Mar 18 16:01:51 PDT 2018,Mon Mar 19 16:01:51 PDT 2018,Sun Mar 18 23:36:36 PDT 2018,,,25,100% (39/39),100% (39/39),100% (39/39),https://clyp.it/ga5axxor,5,3,単に与えられた、新しい知識の断片として聞き流すわけにいかなかった。,x,
36QZ6V1589HXS8RT68S4Y2QWU7DUS0,370Y8Q6HBAC1FI9KLT8GBERI86J11E,Listen to Japanese audio and rate quality,"Listen to computer-generated, Japanese speech and rate the quality. You MUST know Japanese to participate.","audio, listen, speech, computer, Japanese",$0.10,Sat Mar 17 23:43:31 PDT 2018,40,BatchId:3157888;OriginalHitTemplateId:920937332;,600,86400,Sat Mar 24 23:43:31 PDT 2018,,,34QN5IT0T0V2FMYYK5DGGOX931P80Z,A2VNK2H6USLQTK,Approved,Sun Mar 18 17:47:11 PDT 2018,Sun Mar 18 17:47:41 PDT 2018,Mon Mar 19 17:47:41 PDT 2018,Sun Mar 18 23:36:33 PDT 2018,,,30,100% (28/28),100% (28/28),100% (28/28),https://clyp.it/gtmflpki,5,4,単に与えられた新しい知識の断片として聞き流すわけにはいかなかった,x,
36QZ6V1589HXS8RT68S4Y2QWU7DUS0,370Y8Q6HBAC1FI9KLT8GBERI86J11E,Listen to Japanese audio and rate quality,"Listen to computer-generated, Japanese speech and rate the quality. You MUST know Japanese to participate.","audio, listen, speech, computer, Japanese",$0.10,Sat Mar 17 23:43:31 PDT 2018,40,BatchId:3157888;OriginalHitTemplateId:920937332;,600,86400,Sat Mar 24 23:43:31 PDT 2018,,,3907X2AHF19UHO0TL9J5LYLEP9B2PZ,A3OON9KQ2OSNTD,Approved,Sun Mar 18 19:05:01 PDT 2018,Sun Mar 18 19:06:56 PDT 2018,Mon Mar 19 19:06:56 PDT 2018,Sun Mar 18 23:37:25 PDT 2018,,,115,100% (7/7),100% (7/7),100% (7/7),https://clyp.it/gtmflpki,4,5,Watashi wa kinō fushigina yume o mimashita,,The test audio was transcribed instead of the reference audio.  The distinction between the two was made clearly in the directions.  I'm sorry for having to reject this work.  Feel free to try again.
36QZ6V1589HXS8RT68S4Y2QWU7DUS0,370Y8Q6HBAC1FI9KLT8GBERI86J11E,Listen to Japanese audio and rate quality,"Listen to computer-generated, Japanese speech and rate the quality. You MUST know Japanese to participate.","audio, listen, speech, computer, Japanese",$0.10,Sat Mar 17 23:43:31 PDT 2018,40,BatchId:3157888;OriginalHitTemplateId:920937332;,600,86400,Sat Mar 24 23:43:31 PDT 2018,,,3DI28L7YXBIJVCT7TR3GM3C5JWV1EW,A29N79UDI6W2US,Approved,Sun Mar 18 19:19:36 PDT 2018,Sun Mar 18 19:20:58 PDT 2018,Mon Mar 19 19:20:58 PDT 2018,Sun Mar 18 23:36:30 PDT 2018,,,82,100% (8/8),100% (8/8),100% (8/8),https://clyp.it/gtmflpki,5,5,単に与えられた新しい知識の断片として、聞き流すわけにいかなかった。,x,
36QZ6V1589HXS8RT68S4Y2QWU7DUS0,370Y8Q6HBAC1FI9KLT8GBERI86J11E,Listen to Japanese audio and rate quality,"Listen to computer-generated, Japanese speech and rate the quality. You MUST know Japanese to participate.","audio, listen, speech, computer, Japanese",$0.10,Sat Mar 17 23:43:31 PDT 2018,40,BatchId:3157888;OriginalHitTemplateId:920937332;,600,86400,Sat Mar 24 23:43:31 PDT 2018,,,3DZQRBDBSMJGFYC4HQ14ZDVHI633SA,A2Y3QNLB6ZRAMJ,Approved,Sun Mar 18 10:29:32 PDT 2018,Sun Mar 18 10:31:19 PDT 2018,Mon Mar 19 10:31:19 PDT 2018,Sun Mar 18 23:36:37 PDT 2018,,,107,100% (39/39),100% (39/39),100% (39/39),https://clyp.it/gtmflpki,4,5,単に与えられた新しい知識の断片として、聞き流すわけにはいかなかった。,x,
